{
    "entry_1": {
        "AT": 143.4,
        "BE": 200.7,
        "BG": 213.6,
        "CY": 146.9,
        "CZ": 142.4,
        "DE": 168.5,
        "DK": 204.1,
        "EE": 188.5,
        "EL": 148,
        "ES": 165.6,
        "FI": 149.4,
        "FR": 142.8,
        "HR": 145.3,
        "HU": 222.6,
        "IE": 278.2,
        "IT": 169.9,
        "LT": 170.4,
        "LU": 143.3,
        "LV": 197.8,
        "MT": 115.8,
        "NL": 175,
        "PL": 162.1,
        "PT": 136.2,
        "RO": 220.4,
        "SI": 141.8,
        "SK": 171.2
    },
    "entry_2": {
        "AT": 144.666202696523,
        "BE": 203.412670103071,
        "BG": 224.441775928638,
        "CY": 147.115815309522,
        "CZ": 143.271123104275,
        "DE": 173.251707253031,
        "DK": 202.615913223822,
        "EE": 189.342739267579,
        "EL": 151.270514675265,
        "ES": 167.842893157756,
        "FI": 150.39563928686,
        "FR": 143.87144612936,
        "HR": 146.991831736367,
        "HU": 230.394564566821,
        "IE": 285.354450669752,
        "IT": 170.948974734268,
        "LT": 171.790099657815,
        "LU": 143.299427045534,
        "LV": 202.73653710681,
        "MT": 116.032215784744,
        "NL": 177.645349283383,
        "PL": 163.131825468792,
        "PT": 136.334977776776,
        "RO": 221.977510358869,
        "SI": 143.160541153609,
        "SK": 172.417447096993
    }
}

