{
    "entry_1": {
        "AT": 147.9,
        "BE": 206.4,
        "BG": 233.2,
        "CY": 149,
        "CZ": 143.2,
        "DE": 165.3,
        "DK": 192.9,
        "EE": 179.5,
        "EL": 144.4,
        "ES": 166.9,
        "FI": 149.6,
        "FR": 144.2,
        "HR": 146.7,
        "HU": 228.3,
        "IE": 152.4,
        "IT": 175.9,
        "LT": 173.9,
        "LU": 145,
        "LV": 204.7,
        "MT": 116.2,
        "NL": 171.9,
        "PL": 161.9,
        "PT": 136.1,
        "RO": 218.8,
        "SI": 143.7,
        "SK": 186.4
    },
    "entry_2": {
        "AT": 149.8,
        "BE": 207.8,
        "BG": 239.4,
        "CY": 149.3,
        "CZ": 143.5,
        "DE": 160.6,
        "DK": 190.2,
        "EE": 179.9,
        "EL": 142.1,
        "ES": 166.3,
        "FI": 149.6,
        "FR": 144.5,
        "HR": 146.9,
        "HU": 227.6,
        "IE": 135.9,
        "IT": 177.3,
        "LT": 175.1,
        "LU": 145.4,
        "LV": 206,
        "MT": 116.4,
        "NL": 169.9,
        "PL": 161.8,
        "PT": 136.2,
        "RO": 218.9,
        "SI": 144,
        "SK": 189
    },
    "entry_3": {
        "AT": 147.2,
        "BE": 204.5,
        "BG": 232,
        "CY": 148.5,
        "CZ": 142.8,
        "DE": 165.9,
        "DK": 193.2,
        "EE": 184.9,
        "EL": 142.1,
        "ES": 166.2,
        "FI": 148.9,
        "FR": 143.3,
        "HR": 146,
        "HU": 227,
        "IE": 150.4,
        "IT": 173.8,
        "LT": 172.7,
        "LU": 143.4,
        "LV": 205.2,
        "MT": 115.8,
        "NL": 172.8,
        "PL": 161.9,
        "PT": 137.1,
        "RO": 219.9,
        "SI": 143.4,
        "SK": 184.7
    },
    "entry_4": {
        "AT": 153.4,
        "BE": 216.1,
        "BG": 251.1,
        "CY": 147.2,
        "CZ": 145.2,
        "DE": 167.6,
        "DK": 193.4,
        "EE": 179.1,
        "EL": 145.5,
        "ES": 170,
        "FI": 153.3,
        "FR": 145.3,
        "HR": 149.4,
        "HU": 245.6,
        "IE": 153.4,
        "IT": 183.6,
        "LT": 178.1,
        "LU": 146.7,
        "LV": 206.3,
        "MT": 117.4,
        "NL": 175.4,
        "PL": 170.4,
        "PT": 137.6,
        "RO": 230.4,
        "SI": 144.6,
        "SK": 194.6
    },
    "entry_5": {
        "AT": 154.429946721426,
        "BE": 213.541081891435,
        "BG": 268.829531954159,
        "CY": 152.686846511772,
        "CZ": 144.091429176246,
        "DE": 167.78526006262,
        "DK": 191.94424602813,
        "EE": 182.685262168364,
        "EL": 143.811237272682,
        "ES": 164.381565696829,
        "FI": 145.520653299943,
        "FR": 147.603936223287,
        "HR": 149.077148778392,
        "HU": 249.13219691725,
        "IE": 152.407332088037,
        "IT": 186.22100498455,
        "LT": 177.774521933213,
        "LU": 146.736136521577,
        "LV": 211.102424772775,
        "MT": 116.688277108306,
        "NL": 174.931352265905,
        "PL": 164.28362847891,
        "PT": 136.238353571211,
        "RO": 230.159603191202,
        "SI": 145.28871794631,
        "SK": 200.89885316197
    }
}

