{
    "entry_1": {
        "AT": 143.4,
        "BE": 200.7,
        "BG": 213.6,
        "CY": 146.9,
        "CZ": 142.4,
        "DE": 172.6,
        "DK": 204.1,
        "EE": 181.2,
        "EL": 148,
        "ES": 166.9,
        "FI": 149.6,
        "FR": 142.8,
        "HR": 145.3,
        "HU": 222.6,
        "IE": 225.7,
        "IT": 169.9,
        "LT": 170.4,
        "LU": 143.3,
        "LV": 204.5,
        "MT": 115.8,
        "NL": 175,
        "PL": 162.1,
        "PT": 136.5,
        "RO": 220.4,
        "SI": 143.3,
        "SK": 171.2
    },
    "entry_2": {
        "AT": 144.7,
        "BE": 203.4,
        "BG": 224.4,
        "CY": 147.1,
        "CZ": 143.3,
        "DE": 172.4,
        "DK": 202.6,
        "EE": 181.3,
        "EL": 151.3,
        "ES": 166.3,
        "FI": 149.6,
        "FR": 143.9,
        "HR": 147,
        "HU": 230.4,
        "IE": 235.7,
        "IT": 170.9,
        "LT": 171.8,
        "LU": 143.3,
        "LV": 201.7,
        "MT": 116,
        "NL": 177.6,
        "PL": 163.1,
        "PT": 136.8,
        "RO": 222,
        "SI": 143.7,
        "SK": 172.4
    },
    "entry_3": {
        "AT": 142.711338386477,
        "BE": 199.259127650603,
        "BG": 210.714428335253,
        "CY": 145.094910336802,
        "CZ": 141.478582510225,
        "DE": 172.298195311651,
        "DK": 205.251698230201,
        "EE": 183.599570288477,
        "EL": 146.887639313856,
        "ES": 166.563687469385,
        "FI": 149.231711011579,
        "FR": 141.973768647239,
        "HR": 144.724525160909,
        "HU": 221.674895138511,
        "IE": 207.070201466647,
        "IT": 168.424986991441,
        "LT": 168.086388115444,
        "LU": 141.124088449917,
        "LV": 204.787373314594,
        "MT": 115.455702521737,
        "NL": 171.408185713857,
        "PL": 161.224364838179,
        "PT": 136.803896970098,
        "RO": 219.893193696886,
        "SI": 143.036119013484,
        "SK": 169.977594630903
    }
}

