{
    "entry_1": {
        "AT": 143.4,
        "BE": 206.4,
        "BG": 233.2,
        "CY": 146.9,
        "CZ": 142.4,
        "DE": 172.6,
        "DK": 204.1,
        "EE": 181.2,
        "EL": 144.4,
        "ES": 166.9,
        "FI": 149.6,
        "FR": 144.2,
        "HR": 145.3,
        "HU": 222.6,
        "IE": 225.7,
        "IT": 175.9,
        "LT": 170.4,
        "LU": 143.3,
        "LV": 204.5,
        "MT": 115.8,
        "NL": 171.9,
        "PL": 162.1,
        "PT": 136.5,
        "RO": 220.4,
        "SI": 143.3,
        "SK": 186.4
    },
    "entry_2": {
        "AT": 144.7,
        "BE": 207.8,
        "BG": 239.4,
        "CY": 147.1,
        "CZ": 143.3,
        "DE": 172.4,
        "DK": 202.6,
        "EE": 181.3,
        "EL": 142.1,
        "ES": 166.3,
        "FI": 149.6,
        "FR": 144.5,
        "HR": 147,
        "HU": 230.4,
        "IE": 235.7,
        "IT": 177.3,
        "LT": 171.8,
        "LU": 143.3,
        "LV": 201.7,
        "MT": 116,
        "NL": 169.9,
        "PL": 163.1,
        "PT": 136.8,
        "RO": 222,
        "SI": 143.7,
        "SK": 189
    },
    "entry_3": {
        "AT": 142.7,
        "BE": 204.7,
        "BG": 232.2,
        "CY": 145.1,
        "CZ": 141.5,
        "DE": 172.3,
        "DK": 205.3,
        "EE": 183.6,
        "EL": 147.3,
        "ES": 166.6,
        "FI": 149.2,
        "FR": 143.3,
        "HR": 144.7,
        "HU": 221.7,
        "IE": 207.1,
        "IT": 175.1,
        "LT": 168.1,
        "LU": 141.1,
        "LV": 204.8,
        "MT": 115.5,
        "NL": 173.9,
        "PL": 161.2,
        "PT": 136.8,
        "RO": 219.9,
        "SI": 143,
        "SK": 186
    },
    "entry_4": {
        "AT": 148.2,
        "BE": 207.5,
        "BG": 238.1,
        "CY": 147.9,
        "CZ": 145.7,
        "DE": "NA",
        "DK": 205.2,
        "EE": 180.7,
        "EL": 143.9,
        "ES": 166,
        "FI": 150.2,
        "FR": 144.8,
        "HR": 146,
        "HU": 231.1,
        "IE": "NA",
        "IT": 177.4,
        "LT": 171.5,
        "LU": 143.5,
        "LV": 205.1,
        "MT": 115.6,
        "NL": 174,
        "PL": 164.1,
        "PT": 136.9,
        "RO": 222,
        "SI": 145.4,
        "SK": 186.4
    },
    "entry_5": {
        "AT": 151.164884280012,
        "BE": 210.118832382222,
        "BG": 251.014589450248,
        "CY": 152.624054198595,
        "CZ": 143.460320467729,
        "DE": 179.177973079025,
        "DK": 208.586205670939,
        "EE": 187.43256419677,
        "EL": 144.073135097458,
        "ES": 168.604904983313,
        "FI": 150.98978660324,
        "FR": 145.967981468123,
        "HR": 147.915616237976,
        "HU": 238.717325061145,
        "IE": 245.067601975867,
        "IT": 180.951915693328,
        "LT": 174.398722112209,
        "LU": 146.023394406564,
        "LV": 217.845561256545,
        "MT": 116.295195117658,
        "NL": 173.490109016237,
        "PL": 168.413382998793,
        "PT": 136.875314583416,
        "RO": 235.108896331339,
        "SI": 145.490511095908,
        "SK": 193.648909280942
    }
}

