{
    "entry_1": {
        "AT": 7037240,
        "BE": 3131218,
        "CY": 1875011,
        "CZ": 3533791,
        "DE": 38480928,
        "DK": 2719436,
        "EL": 8147055,
        "ES": 32217680,
        "FI": 1661072,
        "FR": 22335656,
        "HR": 2185210,
        "HU": 1925844,
        "IT": 22441211,
        "LT": 483030,
        "LU": 211167,
        "LV": 201754,
        "MT": 712734,
        "NL": 10493710,
        "PL": 6338963,
        "PT": 5874621,
        "RO": 1364279,
        "SE": 3778527,
        "SI": 1181951,
        "SK": 766753
    },
    "entry_2": {
        "AT": 7423314.3,
        "BE": 3664610.5,
        "CY": 2025933.7,
        "CZ": 4359182.6,
        "DE": 41595260.7,
        "DK": 2316329.1,
        "EL": 10760008.9,
        "ES": 40461009.2,
        "FI": 1667864.9,
        "FR": 34309732.4,
        "HR": 2610215.2,
        "HU": 2462606.9,
        "IT": 26957035,
        "LT": 684348.5,
        "LU": 203960.5,
        "LV": 427206.7,
        "MT": 939417.9,
        "NL": 10399987.1,
        "PL": 7111366.6,
        "PT": 6927443,
        "RO": 2458010.3,
        "SE": 4959856.3,
        "SI": 1115914.1,
        "SK": 1445041.1
    },
    "entry_3": {
        "AT": 6983888.05011918,
        "BE": 3693126.79374851,
        "CY": 1973858.63264085,
        "CZ": 4774265.33244674,
        "DE": 39557695.0285607,
        "DK": 2960069.78230169,
        "EL": 2283334.75088275,
        "ES": 40309163.4731445,
        "FI": 1838300.406805,
        "FR": 22399514.6029484,
        "HR": 3169293.32352924,
        "HU": 2282862.73883504,
        "IT": 26738665.2585845,
        "LT": 604142.359496485,
        "LU": 217971.828451252,
        "LV": 330689.241950869,
        "MT": 641065.284182552,
        "NL": 11602842.3051205,
        "PL": 7754242.14855222,
        "PT": 7527323.85774142,
        "RO": 1641978.1617524,
        "SE": 4181088.99955735,
        "SI": 1233784.35674578,
        "SK": 1014371.34399118
    }
}

