{
    "entry_1": {
        "AT": 12738312,
        "BE": 5200715,
        "CY": 1436117,
        "CZ": 7361804,
        "DE": 51582630,
        "DK": 4967406,
        "EL": 20317996,
        "ES": 56753849,
        "FI": 2053077,
        "FR": 83014407,
        "HR": 26185693,
        "HU": 3998515,
        "IT": 79734403,
        "LT": 1010581,
        "LU": 374900,
        "LV": 446424,
        "MT": 791896,
        "NL": 19377237,
        "PL": 12657883,
        "PT": 9046821,
        "RO": 4491325,
        "SE": 11106974,
        "SI": 2974937,
        "SK": 1922340
    },
    "entry_2": {
        "AT": 10001521.2696799,
        "BE": 3708595.32902065,
        "CY": 2239636.29968775,
        "CZ": 5128525.4358295,
        "DE": 42448469.3484958,
        "DK": 2746448.84028542,
        "EL": 22058234.1388904,
        "ES": 49617182.7834692,
        "FI": 1767946.30526237,
        "FR": 49613654.2257892,
        "HR": 10169076.4267843,
        "HU": 2791372.52545806,
        "IT": 45104748.8349019,
        "LT": 807272.869981468,
        "LU": 241117.106549988,
        "LV": 494603.664972019,
        "MT": 986033.496733008,
        "NL": 10659653.5714961,
        "PL": 8248591.36861024,
        "PT": 8152663.259189,
        "RO": 3040358.13002218,
        "SE": 4314618.33824436,
        "SI": 1548489.96621149,
        "SK": 1388057.03751277
    }
}

