{
    "entry_1": {
        "AT": 2911745,
        "BE": 2372387,
        "CY": 723670,
        "CZ": 2352984,
        "DE": 20297238,
        "DK": 1932881,
        "EL": 1574631,
        "ES": 20237815,
        "FI": 1395056,
        "FR": 16769574,
        "HR": 575764,
        "HU": 1405831,
        "IT": 11723237,
        "LT": 429415,
        "LU": 163558,
        "LV": 127450,
        "MT": 493453,
        "NL": 6380922,
        "PL": 4898365,
        "PT": 3815275,
        "RO": 1064689,
        "SE": 3647414,
        "SI": 716730,
        "SK": 366456
    },
    "entry_2": {
        "AT": 4976767.1,
        "BE": 2891324.6,
        "CY": 760759.9,
        "CZ": 3544762,
        "DE": 29506805.6,
        "DK": 1733495.8,
        "EL": 2782596.7,
        "ES": 24523516.7,
        "FI": 1592929.3,
        "FR": 28906291.7,
        "HR": 573457.2,
        "HU": 2051566.1,
        "IT": 16186756.4,
        "LT": 617729.7,
        "LU": 149657.1,
        "LV": 365117.4,
        "MT": 668765.7,
        "NL": 7045721.6,
        "PL": 6092161.2,
        "PT": 4342373.5,
        "RO": 2131592.6,
        "SE": 4606692.1,
        "SI": 809625.1,
        "SK": 1233595.7
    },
    "entry_3": {
        "AT": 9264134.4,
        "BE": 3434824.6,
        "CY": 605729,
        "CZ": 2869629.9,
        "DE": 29579921.9,
        "DK": 1982142.4,
        "EL": 4242892.9,
        "ES": 25219878.2,
        "FI": 1637943.1,
        "FR": 33801035.3,
        "HR": 836997.1,
        "HU": 1571169.6,
        "IT": 17089574.5,
        "LT": 641887.7,
        "LU": 147562.3,
        "LV": 296053.9,
        "MT": 700738.9,
        "NL": 6265567.8,
        "PL": 6167830.8,
        "PT": 5376202.5,
        "RO": 1521768,
        "SE": 3083931.4,
        "SI": 608599.2,
        "SK": 705799.1
    },
    "entry_4": {
        "AT": 4781328,
        "BE": 2831656.5,
        "CY": 988518.2,
        "CZ": 2753985.4,
        "DE": 26131501,
        "DK": 2373790.6,
        "EL": 3511050.7,
        "ES": 26093481,
        "FI": 1512195.1,
        "FR": 19238277.8,
        "HR": 7430864.1,
        "HU": 1553046.4,
        "IT": 14493415.8,
        "LT": 524513.7,
        "LU": 215101.8,
        "LV": 228039.6,
        "MT": 610171.1,
        "NL": 7372119.1,
        "PL": 5679613.7,
        "PT": 4972872.6,
        "RO": 886167.6,
        "SE": 5505320.8,
        "SI": 689209.3,
        "SK": 624502.9
    },
    "entry_5": {
        "AT": 2284549.43245379,
        "BE": 2318643.25866686,
        "CY": 907907.385130503,
        "CZ": 1930266.46220923,
        "DE": 24729963.8487674,
        "DK": 2181702.26582111,
        "EL": 2398090.45407459,
        "ES": 22730025.5555463,
        "FI": 1539759.53050731,
        "FR": 14898391.5432096,
        "HR": 809606.481117269,
        "HU": 1280270.93296819,
        "IT": 12224475.5820403,
        "LT": 454273.489312787,
        "LU": 186056.753937026,
        "LV": 260670.166439036,
        "MT": 502827.382972241,
        "NL": 6242488.95296298,
        "PL": 5605403.88676044,
        "PT": 4649734.6850007,
        "RO": 1277145.34234245,
        "SE": 3359355.91960156,
        "SI": 543650.782376463,
        "SK": 349212.789486183
    }
}

