{
    "entry_1": {
        "AT": 127.5,
        "BE": 130.5,
        "BG": 127,
        "CY": 132,
        "CZ": 116.1,
        "DE": 95.7,
        "DK": 133.9,
        "EE": 119.4,
        "EL": 117,
        "ES": 106.4,
        "FI": 119.4,
        "FR": 99.3,
        "HR": 111.5,
        "HU": 129,
        "IT": 105.1,
        "LT": 151.5,
        "LV": 120.8,
        "MT": 112.5,
        "PL": 152.3,
        "PT": 99.4,
        "RO": 108.1,
        "SE": 118.6,
        "SI": 129.6,
        "SK": 105.9
    },
    "entry_2": {
        "AT": 127.8,
        "BE": 128,
        "BG": 127.6,
        "CY": 132.1,
        "CZ": 116.3,
        "DE": 95.8,
        "DK": 133.1,
        "EE": 120.5,
        "EL": 119.6,
        "ES": 106.3,
        "FI": 119.1,
        "FR": 99.4,
        "HR": 111.7,
        "HU": 129.3,
        "IT": 104.9,
        "LT": 155.7,
        "LV": 121.4,
        "MT": 111.4,
        "PL": 152.7,
        "PT": 99.7,
        "RO": 108.4,
        "SE": 118.7,
        "SI": 130.3,
        "SK": 106.1
    },
    "entry_3": {
        "AT": 123.5,
        "BE": 124.2,
        "BG": 126.9,
        "CY": 132.7,
        "CZ": 114.3,
        "DE": 95.1,
        "DK": 132.4,
        "EE": 119.8,
        "EL": 124.3,
        "ES": 106.7,
        "FI": 118.9,
        "FR": 98.9,
        "HR": 111.2,
        "HU": 128.2,
        "IT": 104.4,
        "LT": 154.1,
        "LV": 122.1,
        "MT": 107.4,
        "PL": 151.9,
        "PT": 96.6,
        "RO": 108.9,
        "SE": 116.9,
        "SI": 129.5,
        "SK": 99.7
    },
    "entry_4": {
        "AT": 128.3,
        "BE": 130.3,
        "BG": 127.4,
        "CY": 131.4,
        "CZ": 115.6,
        "DE": 91.6,
        "DK": 134.2,
        "EE": 118.4,
        "EL": 116.6,
        "ES": 106,
        "FI": 120,
        "FR": 98.3,
        "HR": 111.5,
        "HU": 129.4,
        "IT": 104.9,
        "LT": 149.5,
        "LV": 120.4,
        "MT": 113,
        "PL": 154.6,
        "PT": 98.5,
        "RO": 106.6,
        "SE": 118.7,
        "SI": 128.3,
        "SK": 103.6
    },
    "entry_5": {
        "AT": 127.598995211232,
        "BE": 128.138890618722,
        "BG": 127.925718886104,
        "CY": 132.079097087891,
        "CZ": 116.108523969805,
        "DE": 95.6999191967399,
        "DK": 135.069796515749,
        "EE": 120.688016823515,
        "EL": 120.956533963444,
        "ES": 106.400040001389,
        "FI": 118.92541906175,
        "FR": 99.300070647532,
        "HR": 111.56055454171,
        "HU": 128.714933710593,
        "IT": 105.1001905035,
        "LT": 156.176091235768,
        "LV": 120.488346637839,
        "MT": 111.339640978158,
        "PL": 153.22989956088,
        "PT": 99.7448321850202,
        "RO": 108.22557384904,
        "SE": 118.541997491882,
        "SI": 130.252304643416,
        "SK": 106.959251662845
    }
}

