{
    "entry_1": {
        "AT": 126.1,
        "BE": 117.7,
        "BG": 129.8,
        "CY": 133.8,
        "CZ": 116.3,
        "DE": 95.1,
        "DK": 137,
        "EE": 123.9,
        "EL": 122,
        "ES": 107.1,
        "FI": 117.5,
        "FR": 99.8,
        "HR": 111.1,
        "HU": 127,
        "IT": 107.2,
        "LT": 162.5,
        "LV": 122.9,
        "MT": 111.2,
        "PL": 152.4,
        "PT": 101.4,
        "RO": 108.6,
        "SE": 116.3,
        "SI": 134.5,
        "SK": 106.9
    },
    "entry_2": {
        "AT": 126.43953471439,
        "BE": 120.95325420972,
        "BG": 129.928584702953,
        "CY": 133.277787539802,
        "CZ": 116.557443226362,
        "DE": 95.1142550282096,
        "DK": 134.554723749619,
        "EE": 123.463354428934,
        "EL": 121.633802811883,
        "ES": 107.245963456817,
        "FI": 117.788275553978,
        "FR": 99.6810232577678,
        "HR": 111.861332622831,
        "HU": 127.268874425619,
        "IT": 107.416904738484,
        "LT": 159.630175116396,
        "LV": 123.194206885964,
        "MT": 109.827283456953,
        "PL": 152.800546093649,
        "PT": 100.762347604264,
        "RO": 108.798582104265,
        "SE": 117.980165148916,
        "SI": 134.450968495093,
        "SK": 107.109734525867
    }
}

