{
    "entry_1": {
        "AT": 126.1,
        "BE": 117.7,
        "BG": 129.8,
        "CY": 132.7,
        "CZ": 116.3,
        "DE": 95.1,
        "DK": 137,
        "EE": 123.9,
        "EL": 122,
        "ES": 107.1,
        "FI": 117.5,
        "FR": 99.8,
        "HR": 111.1,
        "HU": 127,
        "IT": 107.2,
        "LT": 162.5,
        "LV": 122.9,
        "MT": 111.2,
        "PL": 152.3,
        "PT": 101.4,
        "RO": 108.6,
        "SE": 116.3,
        "SI": 134.5,
        "SK": 106.9
    },
    "entry_2": {
        "AT": 126.4,
        "BE": 121,
        "BG": 129.9,
        "CY": 132.8,
        "CZ": 116.6,
        "DE": 95.1,
        "DK": 134.6,
        "EE": 123.5,
        "EL": 121.6,
        "ES": 107.2,
        "FI": 117.8,
        "FR": 99.7,
        "HR": 111.9,
        "HU": 127.3,
        "IT": 107.4,
        "LT": 159.6,
        "LV": 123.2,
        "MT": 109.8,
        "PL": 152.7,
        "PT": 100.8,
        "RO": 108.8,
        "SE": 118,
        "SI": 134.5,
        "SK": 107.1
    },
    "entry_3": {
        "AT": 112.9,
        "BE": 122.8,
        "BG": 127.3,
        "CY": 134,
        "CZ": 114.4,
        "DE": 95.8,
        "DK": 133.4,
        "EE": 123.5,
        "EL": 122.8,
        "ES": 106.6,
        "FI": 117.9,
        "FR": 99.3,
        "HR": 111.6,
        "HU": 125.7,
        "IT": 104.8,
        "LT": 153.5,
        "LV": 123.7,
        "MT": 106.4,
        "PL": 152.1,
        "PT": 100.1,
        "RO": 109.8,
        "SE": 120.3,
        "SI": 130.1,
        "SK": 109.4
    },
    "entry_4": {
        "AT": 125.5,
        "BE": 118,
        "BG": 129.9,
        "CY": 132.7,
        "CZ": 116.3,
        "DE": 95,
        "DK": 137.4,
        "EE": 124.1,
        "EL": 122.4,
        "ES": 106.8,
        "FI": 117.5,
        "FR": 99.9,
        "HR": 111.1,
        "HU": 126.9,
        "IT": 107.2,
        "LT": 162.8,
        "LV": 122.9,
        "MT": 111.6,
        "PL": 151.7,
        "PT": 101.5,
        "RO": 108.4,
        "SE": 116.5,
        "SI": 134.7,
        "SK": 106.4
    },
    "entry_5": {
        "AT": 151.164884280012,
        "BE": 210.118832382222,
        "BG": 251.014589450248,
        "CY": 152.624054198595,
        "CZ": 143.460320467729,
        "DE": 179.177973079025,
        "DK": 208.586205670939,
        "EE": 187.43256419677,
        "EL": 144.073135097458,
        "ES": 168.604904983313,
        "FI": 150.98978660324,
        "FR": 145.967981468123,
        "HR": 147.915616237976,
        "HU": 238.717325061145,
        "IE": 245.067601975867,
        "IT": 180.951915693328,
        "LT": 174.398722112209,
        "LU": 146.023394406564,
        "LV": 217.845561256545,
        "MT": 116.295195117658,
        "NL": 173.490109016237,
        "PL": 168.413382998793,
        "PT": 136.875314583416,
        "RO": 235.108896331339,
        "SI": 145.490511095908,
        "SK": 193.648909280942
    }
}

