{
    "entry_1": {
        "AT": 126.1,
        "BE": 117.7,
        "BG": 129.8,
        "CY": 132.7,
        "CZ": 116.3,
        "DE": 95.1,
        "DK": 137,
        "EE": 123.9,
        "EL": 122,
        "ES": 107.1,
        "FI": 117.5,
        "FR": 99.8,
        "HR": 111.1,
        "HU": 127,
        "IT": 107.2,
        "LT": 162.5,
        "LV": 122.9,
        "MT": 111.2,
        "PL": 152.3,
        "PT": 101.4,
        "RO": 108.6,
        "SE": 116.3,
        "SI": 134.5,
        "SK": 106.9
    },
    "entry_2": {
        "AT": 126.4,
        "BE": 121,
        "BG": 129.9,
        "CY": 132.8,
        "CZ": 116.6,
        "DE": 95.1,
        "DK": 134.6,
        "EE": 123.5,
        "EL": 121.6,
        "ES": 107.2,
        "FI": 117.8,
        "FR": 99.7,
        "HR": 111.9,
        "HU": 127.3,
        "IT": 107.4,
        "LT": 159.6,
        "LV": 123.2,
        "MT": 109.8,
        "PL": 152.7,
        "PT": 100.8,
        "RO": 108.8,
        "SE": 118,
        "SI": 134.5,
        "SK": 107.1
    },
    "entry_3": {
        "AT": 112.9,
        "BE": 122.8,
        "BG": 127.3,
        "CY": 134,
        "CZ": 114.4,
        "DE": 95.8,
        "DK": 133.4,
        "EE": 123.5,
        "EL": 122.8,
        "ES": 106.6,
        "FI": 117.9,
        "FR": 99.3,
        "HR": 111.6,
        "HU": 125.7,
        "IT": 104.8,
        "LT": 153.5,
        "LV": 123.7,
        "MT": 106.4,
        "PL": 152.1,
        "PT": 100.1,
        "RO": 109.8,
        "SE": 120.3,
        "SI": 130.1,
        "SK": 109.4
    },
    "entry_4": {
        "AT": 125.5,
        "BE": 118,
        "BG": 129.9,
        "CY": 132.7,
        "CZ": 116.3,
        "DE": 95,
        "DK": 137.4,
        "EE": 124.1,
        "EL": 122.4,
        "ES": 106.8,
        "FI": 117.5,
        "FR": 99.9,
        "HR": 111.1,
        "HU": 126.9,
        "IT": 107.2,
        "LT": 162.8,
        "LV": 122.9,
        "MT": 111.6,
        "PL": 151.7,
        "PT": 101.5,
        "RO": 108.4,
        "SE": 116.5,
        "SI": 134.7,
        "SK": 106.4
    },
    "entry_5": {
        "AT": 126.04357109367,
        "BE": 121.204599076856,
        "BG": 130.224028023059,
        "CY": 132.743098883343,
        "CZ": 116.140808750476,
        "DE": 95.1000505105822,
        "DK": 137.205558374587,
        "EE": 124.005403238969,
        "EL": 122.687961796604,
        "ES": 107.099950004265,
        "FI": 117.610856040569,
        "FR": 99.7997577053365,
        "HR": 111.646119101001,
        "HU": 126.958772265634,
        "IT": 107.19975932849,
        "LT": 160.09727952902,
        "LV": 122.484469355966,
        "MT": 109.80545028195,
        "PL": 152.797866452924,
        "PT": 100.939872874225,
        "RO": 108.588927011646,
        "SE": 117.800900235544,
        "SI": 134.127067394796,
        "SK": 107.912767681195
    }
}

