{
    "entry_1": {
        "AT": 126.1,
        "BE": 117.7,
        "BG": 129.8,
        "CY": 132.7,
        "CZ": 116.3,
        "DE": 95.1,
        "DK": 137,
        "EE": 123.9,
        "EL": 122,
        "ES": 107.1,
        "FI": 117.5,
        "FR": 99.8,
        "HR": 111.1,
        "HU": 127,
        "IT": 107.2,
        "LT": 162.5,
        "LV": 122.9,
        "MT": 111.2,
        "PL": 152.3,
        "PT": 101.4,
        "RO": 108.6,
        "SE": 116.3,
        "SI": 134.5,
        "SK": 106.9
    },
    "entry_2": {
        "AT": 126.4,
        "BE": 121,
        "BG": 129.9,
        "CY": 132.8,
        "CZ": 116.6,
        "DE": 95.1,
        "DK": 134.6,
        "EE": 123.5,
        "EL": 121.6,
        "ES": 107.2,
        "FI": 117.8,
        "FR": 99.7,
        "HR": 111.9,
        "HU": 127.3,
        "IT": 107.4,
        "LT": 159.6,
        "LV": 123.2,
        "MT": 109.8,
        "PL": 152.7,
        "PT": 100.8,
        "RO": 108.8,
        "SE": 118,
        "SI": 134.5,
        "SK": 107.1
    },
    "entry_3": {
        "AT": 112.794366329833,
        "BE": 124.424632471873,
        "BG": 126.539484023223,
        "CY": 134.104730565274,
        "CZ": 114.414806464757,
        "DE": 94.7158717853206,
        "DK": 133.086293275925,
        "EE": 123.522864014755,
        "EL": 123.009962515659,
        "ES": 106.624617106543,
        "FI": 118.078490278453,
        "FR": 99.258196689308,
        "HR": 111.555211852032,
        "HU": 126.082970429296,
        "IT": 105.292931887004,
        "LT": 152.06070687563,
        "LV": 123.609106038842,
        "MT": 106.367678993308,
        "PL": 151.95617901753,
        "PT": 100.171723302115,
        "RO": 109.142042917998,
        "SE": 118.936466188326,
        "SI": 130.806158153508,
        "SK": 109.516073865743
    }
}

